21895252,Lilias,Opy,lopy0@nba.com,2344530498
11513667,Bernadene,Fitzhenry,bfitzhenry1@usa.gov,2595784263
27868868,Darcey,Kiffin,dkiffin2@paginegialle.it,9416945825
43966058,Cherey,Klos,cklos3@flavors.me,2727471915
2842788,Shamus,Pretti,spretti4@senate.gov,3954007989
43307457,Patrice,Curwood,pcurwood5@storify.com,2835475073
20413504,Fairlie,Haggis,fhaggis6@stanford.edu,6736688814
17027742,Markus,Rawle,mrawle7@pagesperso-orange.fr,1733664451
40381294,Dacy,Butters,dbutters8@ycombinator.com,3597970205
25500877,Chev,Wardhaw,cwardhaw9@go.com,9785634299
35316502,Fabian,Clayborn,fclayborna@sourceforge.net,7204122657
47154238,Ike,Carefull,icarefullb@ca.gov,2268686877
13539964,Gris,Jira,gjirac@yellowbook.com,6256136371
30633789,Alaster,D'orsay,adorsayd@telegraph.co.uk,5917914180
45384324,Deane,Stitson,dstitsone@chicagotribune.com,7967818638
15103645,Pennie,Jedrzejewsky,pjedrzejewskyf@tinyurl.com,1175964050
3315460,Vince,Oxburgh,voxburghg@altervista.org,3918615920
34716576,Kyrstin,Graeme,kgraemeh@newsvine.com,8932857496
12656259,Myrna,Eccleshall,meccleshalli@ustream.tv,2128517455
38587143,Dorris,Descroix,ddescroixj@senate.gov,9557588632
1588970,Richart,Scalera,rscalerak@ycombinator.com,1759803725
20568069,Shelley,Buddleigh,sbuddleighl@ask.com,6121286712
27116460,Nathanial,Escalera,nescaleram@state.tx.us,1298457236
11148456,Paige,Wedgbrow,pwedgbrown@ox.ac.uk,2706781457
12553399,Demeter,Tunny,dtunnyo@aol.com,1135553916
10208725,Lenette,Briston,lbristonp@exblog.jp,8996953978
43892486,Averil,McKoy,amckoyq@usda.gov,7913220389
385086,Olimpia,Harcus,oharcusr@mapquest.com,4464005540
7790951,Tobey,Daenen,tdaenens@etsy.com,8388142036
37775381,Bryant,Gouda,bgoudat@usnews.com,5182954380
10423556,Linette,Vezey,lvezeyu@csmonitor.com,7892729534
33984308,Parsifal,Dorward,pdorwardv@wp.com,6221078131
4463552,Nap,Ruthven,nruthvenw@sphinn.com,5806121343
535288,Loria,Baptie,lbaptiex@booking.com,4792831567
39340779,Louie,Hakeworth,lhakeworthy@narod.ru,7771482251
33714605,Rudolfo,Binden,rbindenz@paginegialle.it,4516509078
23371549,Biron,Werndly,bwerndly10@about.com,9252120386
2560458,Caz,Hanster,chanster11@wordpress.org,2318966518
10139998,Sarge,Juste,sjuste12@friendfeed.com,2815397082
18670648,Dun,Hasluck,dhasluck13@bloomberg.com,5902080410
34084963,Cal,Hugnin,chugnin14@npr.org,6947274240
24765856,Sheree,Kubatsch,skubatsch15@shutterfly.com,7027513078
15178121,Sarge,Bramsen,sbramsen16@uiuc.edu,4963354612
39642262,Teresina,Frawley,tfrawley17@ow.ly,9244120020
33041890,Henry,Vanshin,hvanshin18@mediafire.com,6451870076
36394438,Saxon,Mottini,smottini19@storify.com,2192863186
17088957,Garik,Duns,gduns1a@bravesites.com,8582596710
10360796,Shana,Lightollers,slightollers1b@google.de,7529459176
48233359,Larissa,Tran,ltran1c@shutterfly.com,1751462494
18795748,Chad,Frood,cfrood1d@washington.edu,7719650491
8258482,Hercule,Cashell,hcashell1e@theguardian.com,4668612204
4496900,Beulah,Cod,bcod1f@state.gov,4214950904
26288249,Luciano,Camillo,lcamillo1g@oakley.com,4088372882
42285458,Irita,Venables,ivenables1h@npr.org,3429308532
47193874,Octavius,Alliband,oalliband1i@ifeng.com,6256618820
7053414,Anabal,Claisse,aclaisse1j@geocities.jp,5164711055
48807485,Verna,Brixey,vbrixey1k@nba.com,7177223360
29903997,Madeline,Cholonin,mcholonin1l@columbia.edu,2762246858
46048774,Katharine,Lilbourne,klilbourne1m@studiopress.com,3374420966
26917008,Brina,Devany,bdevany1n@altervista.org,8905106513
10339346,Dacy,Goodlife,dgoodlife1o@msn.com,2986983366
21245770,Ring,Scatchard,rscatchard1p@spotify.com,7672808611
11891884,Clarabelle,Arkcoll,carkcoll1q@narod.ru,5316121486
13891480,Meredithe,Magor,mmagor1r@artisteer.com,1592194056
42663405,Locke,Kehoe,lkehoe1s@google.fr,4134854409
34705992,Constancia,D'Errico,cderrico1t@imgur.com,2616422617
27552336,Katherina,Burnsell,kburnsell1u@census.gov,1586907247
32810080,Early,Titchen,etitchen1v@quantcast.com,2392706562
17702897,Timothy,Chiles,tchiles1w@uol.com.br,2964548868
26970950,Emmie,Baise,ebaise1x@huffingtonpost.com,7308803034
28230114,Avivah,Fargie,afargie1y@typepad.com,1177493365
21496232,Delmar,Ruter,druter1z@netscape.com,8433533846
44865232,Tiffy,Wormleighton,twormleighton20@reference.com,9027617961
30264271,Alexandros,Pardal,apardal21@china.com.cn,3534796684
764200,Benjamen,Tyzack,btyzack22@reference.com,7438369133
39737057,Salvador,MacGillreich,smacgillreich23@phoca.cz,9502819865
6861581,Araldo,Corran,acorran24@shareasale.com,3028190386
27761732,Linnet,Jopp,ljopp25@engadget.com,7508425188
30659707,Chance,Blaw,cblaw26@over-blog.com,7779889174
15175689,Ardine,Sansun,asansun27@wufoo.com,4986519834
27324905,Florinda,Olle,folle28@diigo.com,3624610808
6177443,Avery,Spykins,aspykins29@sciencedirect.com,8302582001
47240621,Galen,Swadon,gswadon2a@studiopress.com,6964994695
32659400,Bobbi,Biever,bbiever2b@telegraph.co.uk,8492681243
32790805,Klarika,Allsep,kallsep2c@nifty.com,9697513644
19907355,Jephthah,Noteyoung,jnoteyoung2d@ebay.com,7029494255
8335639,Penni,Pease,ppease2e@stanford.edu,1059361285
7315136,Bettine,Addington,baddington2f@loc.gov,7266366409
14794201,Myrvyn,Cleall,mcleall2g@army.mil,8966016981
46666490,Tudor,Batrim,tbatrim2h@berkeley.edu,5359029673
8243735,Golda,Pfeifer,gpfeifer2i@printfriendly.com,4254496838
28213218,Lorene,Aitkin,laitkin2j@cyberchimps.com,1626174253
29995745,Alane,Clemmens,aclemmens2k@ebay.com,3962278892
44618552,Gallagher,Kornyakov,gkornyakov2l@sitemeter.com,6242758178
38971571,Orella,Pierri,opierri2m@myspace.com,7339165291
13084606,Kaleena,Idenden,kidenden2n@dailymotion.com,9436978144
29699117,Charin,Beekmann,cbeekmann2o@prnewswire.com,7939578234
25430165,Katha,Hanning,khanning2p@samsung.com,7161986599
41681207,Adriano,Tantrum,atantrum2q@marketwatch.com,1443213333
29265340,Merry,McMurdo,mmcmurdo2r@mayoclinic.com,5085809741
8173088,Lutero,Moulsdale,lmoulsdale2s@simplemachines.org,1689621409
1766350,Teirtza,Wythill,twythill2t@jimdo.com,9788505270
43809265,Spence,Jenik,sjenik2u@webeden.co.uk,8702961571
45130873,Paula,Annatt,pannatt2v@free.fr,4835760947
6406224,Baryram,Pirazzi,bpirazzi2w@ucoz.com,3387298696
41360969,Retha,Boylin,rboylin2x@google.ru,3673662051
20235586,Karlene,Fausch,kfausch2y@instagram.com,2687238304
12526492,Julie,Dunne,jdunne2z@1688.com,7502317793
5843584,Gerome,Booton,gbooton30@washington.edu,5191320477
41204212,Aubrey,Knevett,aknevett31@sourceforge.net,1211114324
29784949,Benedict,Cowx,bcowx32@apache.org,2797843722
7115723,Temp,Harriagn,tharriagn33@quantcast.com,3676171079
36577649,Nanice,Immer,nimmer34@gizmodo.com,7996358474
29223322,Cliff,Handrahan,chandrahan35@joomla.org,3022871789
23733253,Constantine,Goschalk,cgoschalk36@ezinearticles.com,8654989000
33786152,Hallsy,Ghiroldi,hghiroldi37@mail.ru,6084789651
29804485,Amanda,Collyear,acollyear38@parallels.com,5777543405
41587384,Sholom,Dykes,sdykes39@ebay.co.uk,4076335166
2101530,Tristan,Drewry,tdrewry3a@homestead.com,9362124193
1123310,Fabe,Biggins,fbiggins3b@mashable.com,4097901950
34292218,Derron,Calton,dcalton3c@tripod.com,2709311353
42889954,Ansley,Crallan,acrallan3d@ovh.net,5451830403
35062478,Rogers,Barrow,rbarrow3e@cafepress.com,7714960655
23409990,Dallas,Armiger,darmiger3f@amazon.de,9253686862
21417273,Amie,Henri,ahenri3g@pbs.org,2465815042
24752614,Ulrica,Whitney,uwhitney3h@msu.edu,5595839431
9526307,Dino,Blanshard,dblanshard3i@ucoz.ru,7209484508
21664175,Dorothea,Habbijam,dhabbijam3j@51.la,8046487874
3892164,Nadine,Canizares,ncanizares3k@altervista.org,4301018695
18713144,Goran,Jeffray,gjeffray3l@miibeian.gov.cn,3136788372
31910281,Emiline,Bradforth,ebradforth3m@google.co.uk,2906355802
31514273,Davie,Valentin,dvalentin3n@upenn.edu,9414740931
46461140,Willi,Cloke,wcloke3o@fc2.com,5431175043
42272821,Abigael,Cave,acave3p@canalblog.com,5009095431
23929623,Brose,Petche,bpetche3q@canalblog.com,8214127583
30169597,Lilian,Erangy,lerangy3r@samsung.com,5163892027
44923178,Shannan,Gleder,sgleder3s@smh.com.au,4038996485
44927352,Miranda,MacGill,mmacgill3t@netvibes.com,2341535080
14292956,Clay,Lepper,clepper3u@dell.com,5259372669
27601164,Odelia,Helkin,ohelkin3v@shinystat.com,1313301009
6041338,Carly,Skaife,cskaife3w@baidu.com,5507834615
24666399,Dorothee,Baugham,dbaugham3x@ucoz.ru,9993575948
33931350,Milli,Louca,mlouca3y@123-reg.co.uk,6723414670
11665288,Dotty,Ogan,dogan3z@hhs.gov,6036155358
47897000,Lebbie,Everett,leverett40@shutterfly.com,4309967918
22208023,Woodman,Bettis,wbettis41@oaic.gov.au,4298093069
8843807,Stephanus,Amberger,samberger42@toplist.cz,5399032479
6788337,Alphonse,Chadbourne,achadbourne43@samsung.com,3545807655
36895812,Dav,Brewin,dbrewin44@psu.edu,9343252132
31690938,Abbe,Pawlyn,apawlyn45@gravatar.com,6247254333
48902424,Johnathon,Zammett,jzammett46@unesco.org,1131876092
43715354,Titus,Youens,tyouens47@goo.gl,3012279782
6221943,Virgilio,Classen,vclassen48@dailymail.co.uk,9882096300
19750956,Bonnee,Stammer,bstammer49@state.tx.us,4508966848
19746023,Waly,Kofax,wkofax4a@desdev.cn,6498810059
29757601,Janifer,MacCahee,jmaccahee4b@java.com,3044091746
35792272,Kearney,Mulqueeny,kmulqueeny4c@phpbb.com,7186871732
17591645,Sheffy,Sergant,ssergant4d@usnews.com,2555360313
21168964,Estevan,Blasetti,eblasetti4e@cam.ac.uk,5376943542
9942846,Gage,Stubbert,gstubbert4f@ebay.com,4409668054
39827049,Aloysia,Janton,ajanton4g@redcross.org,3795818963
34745451,Lenka,Crips,lcrips4h@yahoo.com,4472973495
33069887,Roderick,Lott,rlott4i@twitter.com,2714251812
9547534,Coleman,Broschek,cbroschek4j@networksolutions.com,8532732398
4377258,Prentiss,Prier,pprier4k@indiatimes.com,6937940024
31805735,Esta,Yekel,eyekel4l@privacy.gov.au,2689071084
37404748,Alfie,O'Hartigan,aohartigan4m@google.fr,1737155514
12079190,Germain,Rousell,grousell4n@imageshack.us,4361616050
33347818,Brear,Gurery,bgurery4o@hugedomains.com,5631053444
16730537,Sofia,Edgell,sedgell4p@google.fr,8836158594
37196796,Robbi,Skures,rskures4q@state.tx.us,9397858936
37016797,Bebe,Sangwine,bsangwine4r@nyu.edu,9423745822
33757523,Cody,Headech,cheadech4s@barnesandnoble.com,4205287626
17451641,Northrup,Rigolle,nrigolle4t@netvibes.com,9852463605
31242964,Cecily,Prettyjohns,cprettyjohns4u@nifty.com,8579632472
45290164,Mirna,Jeandillou,mjeandillou4v@hubpages.com,7472772710
18356561,Deanne,Juggings,djuggings4w@lulu.com,1146260317
30533006,Daisi,Condon,dcondon4x@liveinternet.ru,7038240710
12431030,Scarlet,Mapham,smapham4y@omniture.com,2266030708
12093330,Mohandas,Laurens,mlaurens4z@google.co.jp,1698019927
43252968,Vivyanne,Polet,vpolet50@samsung.com,9121448536
32189941,Karie,Fresson,kfresson51@ucoz.ru,7975971344
17094995,Ike,Riddock,iriddock52@storify.com,1231408156
3701050,Gloria,Perks,gperks53@hc360.com,2459873198
29729823,Dulciana,Corro,dcorro54@exblog.jp,2352392676
46370009,Giovanna,Khristoforov,gkhristoforov55@qq.com,2561750145
20567286,Daryl,Symper,dsymper56@virginia.edu,8702091715
2652694,Manolo,Shwenn,mshwenn57@istockphoto.com,3095554977
13188808,Ive,Packman,ipackman58@a8.net,2336211126
37858130,Elli,Iannelli,eiannelli59@goodreads.com,9011222109
6494076,Saxe,Leathe,sleathe5a@scientificamerican.com,5922405499
15956782,Sibelle,Russam,srussam5b@liveinternet.ru,3117005418
11504537,Salomon,Swenson,sswenson5c@163.com,6945683201
790823,Tadeas,Pyrton,tpyrton5d@weibo.com,2041254037
41823318,Welch,Neeson,wneeson5e@wikipedia.org,2502485388
27096352,Lev,Aisbett,laisbett5f@java.com,9777457020
13428001,Brew,Innis,binnis5g@networkadvertising.org,1007470459
15758014,Standford,Burne,sburne5h@sfgate.com,9042354402
22201084,Ketty,Deakan,kdeakan5i@walmart.com,5007630647
19619257,Kory,Cansdell,kcansdell5j@desdev.cn,2605536422
48729166,Audry,Buxsey,abuxsey5k@usgs.gov,3342719991
17936430,Charissa,Baudesson,cbaudesson5l@pinterest.com,7221731917
37777736,Gothart,Robben,grobben5m@vinaora.com,6984967701
22691384,Berta,Martt,bmartt5n@youtu.be,1268369938
47318887,Linell,Bright,lbright5o@theatlantic.com,6714430619
10847963,Jacynth,Campos,jcampos5p@whitehouse.gov,4368245830
19117915,Annnora,Sueter,asueter5q@webeden.co.uk,3191444886
3697938,Heather,Dundredge,hdundredge5r@sogou.com,3986487873
44183139,Denni,Goretti,dgoretti5s@state.gov,6463082905
25662305,Marcille,Jerzycowski,mjerzycowski5t@webmd.com,1205330176
31391148,Louella,Korpolak,lkorpolak5u@google.com.br,2756588503
29139751,Catherina,Turvey,cturvey5v@scientificamerican.com,6128870849
23337883,Phedra,Try,ptry5w@huffingtonpost.com,2728507430
37585511,Bryn,Trevascus,btrevascus5x@mashable.com,1255504352
1736891,Justen,Goodfellowe,jgoodfellowe5y@mapquest.com,6682820432
40379876,Coral,Gummory,cgummory5z@jimdo.com,9587034764
41827096,Tiebout,Dobbin,tdobbin60@dailymail.co.uk,7495698356
14958382,Christel,Dudlestone,cdudlestone61@hibu.com,1373611747
33452444,Percy,McCreagh,pmccreagh62@de.vu,5063027020
25300400,Bertina,Dedmam,bdedmam63@nasa.gov,2153640647
5431100,Beatriz,Heinreich,bheinreich64@topsy.com,2346627805
40351385,Lanny,Lambersen,llambersen65@gnu.org,7932020999
21634988,Mellie,D'Aeth,mdaeth66@sfgate.com,6879677796
22632263,Georgette,Casterou,gcasterou67@oracle.com,5603663383
34355446,Adrian,MacDonogh,amacdonogh68@sitemeter.com,1346930481
13034844,Cammy,Scothorn,cscothorn69@fda.gov,2036194018
18888805,Jeramey,Arrundale,jarrundale6a@columbia.edu,7793779684
28119583,Constanta,Mellonby,cmellonby6b@disqus.com,4856853057
36559745,Allina,Quinn,aquinn6c@xinhuanet.com,2379670355
7495753,Neale,Kun,nkun6d@ed.gov,3933674744
29588990,Aristotle,MacLoughlin,amacloughlin6e@nyu.edu,2302768498
697474,Inness,Giraldon,igiraldon6f@domainmarket.com,9325789759
45292307,Jephthah,Minkin,jminkin6g@yelp.com,5454038233
37469176,Reuben,Faraday,rfaraday6h@taobao.com,5095459732
30987811,Melisandra,Stansell,mstansell6i@cam.ac.uk,9654377525
17193358,Vally,Dinkin,vdinkin6j@nbcnews.com,8694767454
27959524,Dorette,Curnock,dcurnock6k@canalblog.com,3801100174
29963403,Zebadiah,Sydenham,zsydenham6l@surveymonkey.com,4454677522
15394447,Gunter,Americi,gamerici6m@comsenz.com,1147682631
8660970,Dinny,Foreman,dforeman6n@weather.com,6592536487
13868220,Von,Kondratenya,vkondratenya6o@ox.ac.uk,3145634201
3410245,Agnola,Nassie,anassie6p@simplemachines.org,7949378903
16891611,Pamella,Rumney,prumney6q@yolasite.com,9341926413
23252770,Guss,Fayers,gfayers6r@weibo.com,3091398394
8621387,Elliot,Terrans,eterrans6s@163.com,8042100666
22498842,Federico,Hardstaff,fhardstaff6t@hugedomains.com,9306714575
6837816,Yorgos,Kleinzweig,ykleinzweig6u@bloglines.com,5793153890
8444191,Serena,Jaouen,sjaouen6v@nature.com,5139836712
30928525,Adelle,Robjant,arobjant6w@live.com,7115858333
17012500,Feliza,Himpson,fhimpson6x@unblog.fr,4759714750
31228144,Freida,Croan,fcroan6y@photobucket.com,3974963037
12402579,Lee,Laurentino,llaurentino6z@opera.com,3643737106
28344824,Alix,Sneddon,asneddon70@github.io,1275988638
8174157,Linn,Ervine,lervine71@virginia.edu,1009486637
4720494,Larine,Gillmor,lgillmor72@redcross.org,2828690090
23573571,Alfi,Lownes,alownes73@vk.com,3969652719
22704627,Lyndsie,Noblet,lnoblet74@army.mil,2123703273
28921650,Ladonna,Jarmain,ljarmain75@netscape.com,1735211018
14846713,Carmita,Ogelbe,cogelbe76@amazon.de,8825426586
39576564,Abran,Dytham,adytham77@reverbnation.com,7358274807
16375123,Johnna,Elvin,jelvin78@angelfire.com,1078409714
44192236,Marysa,Opdenorth,mopdenorth79@latimes.com,8966251214
41610696,Arabelle,Kalinovich,akalinovich7a@java.com,8316812638
7242315,Sacha,Penman,spenman7b@csmonitor.com,1297907106
4697277,Tanner,Felten,tfelten7c@odnoklassniki.ru,4081554804
5873002,Ricky,Claussen,rclaussen7d@jalbum.net,9971306181
32213601,Emanuele,Scadding,escadding7e@wufoo.com,7791078774
28100086,Kassia,Worland,kworland7f@edublogs.org,9327905774
15690603,Everett,Carreck,ecarreck7g@prlog.org,3479453693
33581747,Danika,Kissack,dkissack7h@mac.com,7654314285
31723264,Ashbey,O' Borne,aoborne7i@live.com,9462684863
29632443,Hyacinthe,Balducci,hbalducci7j@senate.gov,8478906465
42267854,Orv,Michallat,omichallat7k@illinois.edu,9238188702
5203468,Zara,Youde,zyoude7l@forbes.com,2737789294
1494572,Brinn,Harkins,bharkins7m@hugedomains.com,8973235896
40870920,Hendrick,Beddoes,hbeddoes7n@networksolutions.com,7589336681
8397906,Gerta,Grain,ggrain7o@who.int,8453630414
17565593,Ernst,Pridgeon,epridgeon7p@mediafire.com,3139135479
44109139,Kania,Ortzen,kortzen7q@google.nl,5227700756
8575996,Clareta,Dalrymple,cdalrymple7r@pinterest.com,4139949710
9219654,Germain,Tomlins,gtomlins7s@domainmarket.com,5334047772
23075451,Walton,Ritchman,writchman7t@phpbb.com,5045602974
34050553,Mitchell,Peele,mpeele7u@tmall.com,3768650422
47332245,Aila,Astupenas,aastupenas7v@discovery.com,8001931859
13319346,Fionnula,Gilvear,fgilvear7w@ebay.com,6003820243
20419880,Kai,Widdall,kwiddall7x@opensource.org,1216577621
11134561,Edvard,Cannaway,ecannaway7y@blogger.com,9073730857
1319127,Cindee,De'Ath,cdeath7z@columbia.edu,3885479029
1413680,Brok,Dowdell,bdowdell80@dmoz.org,3827376403
16362422,Caroljean,Telezhkin,ctelezhkin81@wunderground.com,2081245960
46144930,Elwyn,Rodolfi,erodolfi82@reddit.com,7519093348
16698716,Ibrahim,Dwelley,idwelley83@wikia.com,3345011583
24171949,Mufi,Frossell,mfrossell84@amazon.com,7778303647
24717898,Tierney,Seifert,tseifert85@elegantthemes.com,2137012760
24303600,Pincus,MacLaverty,pmaclaverty86@moonfruit.com,1207693911
29459722,Callie,Toolin,ctoolin87@mozilla.org,8146964145
1000437,Solly,Howley,showley88@jigsy.com,5769166317
33344916,Jeremy,Montes,jmontes89@un.org,2749121789
13032850,Beverie,Farn,bfarn8a@linkedin.com,3869739186
41549800,Gwendolin,Kenion,gkenion8b@usda.gov,3258603433
29552297,Jsandye,Sturdey,jsturdey8c@miitbeian.gov.cn,5736646808
36328863,Angelita,Farfoot,afarfoot8d@merriam-webster.com,1176695279
16916023,Lindy,Gobel,lgobel8e@nyu.edu,2414296221
30373759,Annie,Dunan,adunan8f@moonfruit.com,1762368532
47259823,Bryce,Boyles,bboyles8g@indiegogo.com,1761257392
8699605,Gerri,Theobold,gtheobold8h@smh.com.au,3739707998
15908825,Kevyn,Munford,kmunford8i@addthis.com,1219086465
2311812,Johnny,Blanche,jblanche8j@flickr.com,6064315065
9183691,Chadd,Pahl,cpahl8k@about.com,6584614943
18461901,Christie,Mullin,cmullin8l@aboutads.info,6812334942
17691253,Judi,St. Hill,jsthill8m@creativecommons.org,1034195227
5635764,Ines,Cannings,icannings8n@google.es,9165817485
19359072,Leah,Weathers,lweathers8o@prlog.org,6045493630
10213898,Daven,Hornbuckle,dhornbuckle8p@ameblo.jp,9354164102
15164133,Arney,Lismer,alismer8q@latimes.com,4701696017
24705647,Rosabelle,Huey,rhuey8r@yolasite.com,4841817468
29681013,Eli,Fontenot,efontenot8s@gov.uk,7597565262
43762583,Amber,Kolodziejski,akolodziejski8t@wikispaces.com,2973777722
43114228,Violante,Carluccio,vcarluccio8u@cnbc.com,7668778561
18019372,Whitby,Ryle,wryle8v@hatena.ne.jp,5203417268
17992763,Berkley,Dreinan,bdreinan8w@apache.org,2931924868
10985546,Winslow,Rutherforth,wrutherforth8x@123-reg.co.uk,3404361611
36285201,Siusan,Domerque,sdomerque8y@theguardian.com,7118584702
26414617,Zitella,Kennaird,zkennaird8z@booking.com,1253579919
29632246,Joanie,Blint,jblint90@chicagotribune.com,9822597465
24270224,Gav,Cicero,gcicero91@wp.com,2505326483
11453105,Brook,Hellwing,bhellwing92@hugedomains.com,4928384850
40067726,Gallard,Salamon,gsalamon93@army.mil,1495885716
16343145,Obie,Garralts,ogarralts94@google.com,2538653903
1876206,Constancy,Aires,caires95@cocolog-nifty.com,1732279713
17915143,Petronia,McDonnell,pmcdonnell96@amazon.co.uk,3512717236
22860996,Halsy,Barti,hbarti97@instagram.com,7136082875
20792171,Bobbie,Munden,bmunden98@arizona.edu,6566241391
43872803,Cirilo,Leamy,cleamy99@google.com,2943168122
40596011,Ase,Semper,asemper9a@eepurl.com,5352439288
22340719,Pamela,Bulger,pbulger9b@oakley.com,7224016969
36081093,Mercedes,Wildt,mwildt9c@themeforest.net,9458659496
30126409,Gwendolin,Wong,gwong9d@mediafire.com,6124483886
15602579,Michel,Castellan,mcastellan9e@wisc.edu,7701174427
40713809,Farah,Le Marchand,flemarchand9f@psu.edu,9721376630
25986684,Beulah,Beloe,bbeloe9g@prlog.org,6897906680
20669795,Georgeta,Hannay,ghannay9h@theguardian.com,6979441669
39815759,Charo,Belchamp,cbelchamp9i@google.cn,4909984957
48782120,Heida,Wickrath,hwickrath9j@friendfeed.com,3232248234
37463520,Car,Loxton,cloxton9k@mlb.com,4664046018
12749240,Warren,Hegel,whegel9l@dailymotion.com,8713969157
26629822,Oswald,Whipple,owhipple9m@ocn.ne.jp,5998616412
2984231,Mufinella,Oyley,moyley9n@seesaa.net,1314663522
4550138,Pauly,Lesek,plesek9o@tripadvisor.com,6898919169
48387386,Shay,Rallings,srallings9p@bluehost.com,2038839841
4574744,Cindee,Visick,cvisick9q@indiatimes.com,5987000116
44940992,Odilia,Hilhouse,ohilhouse9r@domainmarket.com,8933433143
45766058,Harvey,Wittleton,hwittleton9s@webeden.co.uk,3353884350
25151370,Marcela,Scurrah,mscurrah9t@miibeian.gov.cn,2305769918
34000045,Davine,Wemm,dwemm9u@skyrock.com,6608613278
20092171,Ingeborg,Lonsdale,ilonsdale9v@geocities.com,4496571026
4513796,Randal,Rentenbeck,rrentenbeck9w@csmonitor.com,3574254459
48070827,Constance,Pardoe,cpardoe9x@odnoklassniki.ru,6993113011
29419349,Gustaf,Ableson,gableson9y@reuters.com,8128409010
28348365,Sari,Cox,scox9z@usnews.com,6627974893
1974661,Della,Cooke,dcookea0@ucoz.com,3943897243
19279072,Alika,Oakey,aoakeya1@archive.org,8359348977
37990647,Natty,Lenney,nlenneya2@youku.com,6806798278
46176844,Leonore,Raspison,lraspisona3@businesswire.com,9703729609
45591206,Jessee,Kunneke,jkunnekea4@guardian.co.uk,1968295112
34851439,Angil,Hawler,ahawlera5@comsenz.com,5135957760
26735312,Brittan,Creenan,bcreenana6@comsenz.com,3369771936
4145557,Danette,Rumens,drumensa7@thetimes.co.uk,8436729876
43473859,Chrissie,Kubu,ckubua8@techcrunch.com,9452425958
13355601,Merla,Rizzetti,mrizzettia9@canalblog.com,5008865362
42534643,Elbertina,Lugg,eluggaa@paginegialle.it,3459233616
4490250,Ronna,Veart,rveartab@cmu.edu,5603823665
12505304,Saunder,Voice,svoiceac@infoseek.co.jp,1322096121
28925803,Ladonna,Buer,lbuerad@sphinn.com,8866705117
6535640,Archibaldo,Esposi,aesposiae@php.net,5264452593
45706296,Justen,Norcutt,jnorcuttaf@ebay.com,8818751509
29362189,Jakob,Swallwell,jswallwellag@noaa.gov,9183523117
25544516,Davide,Covelle,dcovelleah@istockphoto.com,3246704376
47093255,Lulu,Razzell,lrazzellai@bigcartel.com,5082746541
13451375,Emmy,Gawith,egawithaj@hostgator.com,1509180714
35645229,Edith,Raywood,eraywoodak@constantcontact.com,7051048820
30398419,Dorry,Dowbiggin,ddowbigginal@infoseek.co.jp,7862069983
46628608,Mariejeanne,Newport,mnewportam@chicagotribune.com,8368131329
46570964,Avrit,Pearse,apearsean@geocities.com,3394775090
28208905,Enrica,Guiet,eguietao@people.com.cn,4963341544
22304304,Sibel,Coaster,scoasterap@addtoany.com,6457516401
16204493,Carmencita,Elion,celionaq@java.com,5341318447
24208677,Fern,Shuttleworth,fshuttleworthar@home.pl,2473105386
14795059,Marleah,Larratt,mlarrattas@wordpress.com,5953048662
452321,Tawnya,Sheer,tsheerat@furl.net,7802076237
27872646,Justus,Stoffler,jstofflerau@gizmodo.com,6718521279
173695,Carlyle,Corkish,ccorkishav@smh.com.au,6682761422
2910731,Pietro,Dackombe,pdackombeaw@cpanel.net,9862991980
30625105,Chad,Rennie,crennieax@naver.com,5165071972
2303220,Shandee,Bushen,sbushenay@reuters.com,2223146519
37778108,Angela,Risbie,arisbieaz@answers.com,6951430807
15782433,Halie,Beckitt,hbeckittb0@reddit.com,3891498719
39897038,Gennie,Perche,gpercheb1@twitpic.com,9453620070
27934132,Kendell,Girtin,kgirtinb2@lulu.com,5766658483
1248579,Keeley,Cristofolo,kcristofolob3@pbs.org,2871044483
47569451,Alla,Lasham,alashamb4@marriott.com,2148827382
8771985,Nerta,Deeney,ndeeneyb5@senate.gov,8264368502
36439165,Bekki,Feacham,bfeachamb6@fotki.com,5204155137
20161813,Teirtza,Ojeda,tojedab7@hao123.com,7545370345
21987294,Erina,Maberley,emaberleyb8@freewebs.com,8571927620
13296753,Elsworth,Cossum,ecossumb9@feedburner.com,6952610872
12831673,Forster,Fisbburne,ffisbburneba@wired.com,9896671244
37541892,Susan,Klimes,sklimesbb@163.com,1484470055
38747801,Zolly,Foxon,zfoxonbc@purevolume.com,4095416214
37727669,Ulric,Guillard,uguillardbd@e-recht24.de,1292933682
35063501,Crawford,de Juares,cdejuaresbe@mediafire.com,7715953589
9585251,Vita,Spraging,vspragingbf@ustream.tv,3973954252
37285287,Basilius,Poundsford,bpoundsfordbg@so-net.ne.jp,8551868929
27667536,Bonnibelle,Yelden,byeldenbh@opera.com,1676263255
32700993,Ernst,Rentelll,erentelllbi@google.pl,8877234699
6647605,Saunders,Kellaway,skellawaybj@theglobeandmail.com,1279739385
24669731,Minny,Scrymgeour,mscrymgeourbk@walmart.com,1587935814
35488657,Ellery,Biggadike,ebiggadikebl@whitehouse.gov,8198208667
35297649,Minta,Rupel,mrupelbm@msu.edu,1617386956
5951329,Karmen,Chaulk,kchaulkbn@admin.ch,4659373071
16127115,Nickolai,Fullylove,nfullylovebo@earthlink.net,9321339337
13334797,Pierce,Battershall,pbattershallbp@unicef.org,2448780630
9902123,Aldo,Grutchfield,agrutchfieldbq@bizjournals.com,9132631721
6587702,Fonz,Cunningham,fcunninghambr@moonfruit.com,6673667605
47977207,Lucien,Ghirardi,lghirardibs@tmall.com,2448911613
21590130,Adamo,Lyddiatt,alyddiattbt@abc.net.au,3359480963
33385756,Ange,Farrimond,afarrimondbu@exblog.jp,2638931171
19168926,Town,Long,tlongbv@businesswire.com,1569117658
27439363,Leicester,Eplate,leplatebw@cpanel.net,1495444709
665346,Pablo,Tatlow,ptatlowbx@fastcompany.com,4804485995
39690642,Lilia,Lenchenko,llenchenkoby@comcast.net,1303343697
14729273,Mahmoud,Offer,mofferbz@rambler.ru,5476073064
28756748,Homere,Rapps,hrappsc0@buzzfeed.com,5103080791
20626998,Leola,Yoell,lyoellc1@amazon.de,6006239194
31664760,Shelli,Hurlin,shurlinc2@ow.ly,5392616493
34295252,Emelda,Hanhard,ehanhardc3@odnoklassniki.ru,4801129012
13670281,Joeann,Hinkensen,jhinkensenc4@mayoclinic.com,4097386034
18888039,Murry,Francie,mfranciec5@hugedomains.com,7942503858
46116983,Dugald,Orable,dorablec6@taobao.com,9346563095
43180824,Stafford,Eliez,seliezc7@marketwatch.com,4299466977
14488091,Alley,Snibson,asnibsonc8@purevolume.com,7708066194
9454643,Bayard,Jaray,bjarayc9@mapy.cz,6697819347
13027248,Alejandrina,Bandy,abandyca@google.com,3822960360
21158068,Chantalle,Baiden,cbaidencb@apple.com,8852281413
19672717,Vincenty,Balk,vbalkcc@google.co.jp,9888685481
27369610,Jereme,Gossage,jgossagecd@ca.gov,3522238882
41960160,Heall,Balint,hbalintce@jimdo.com,6718582600
13126989,Pembroke,Grigaut,pgrigautcf@craigslist.org,8243682359
17262544,Prentice,Adrain,padraincg@etsy.com,1881185535
23982092,Derron,Ninnotti,dninnottich@qq.com,3729313721
6731366,Hillie,Edon,hedonci@hud.gov,5504079796
40925720,Claudio,Kirckman,ckirckmancj@360.cn,1329529616
36402366,Leanna,Speenden,lspeendenck@admin.ch,1472009391
27203417,Spencer,Ronnay,sronnaycl@etsy.com,2291557868
24413098,Warren,Snaddin,wsnaddincm@boston.com,4518701489
10516527,Rouvin,Risom,rrisomcn@icq.com,9646681086
35755179,Adey,Alanbrooke,aalanbrookeco@taobao.com,6657931114
7152907,Vallie,Pilbeam,vpilbeamcp@sphinn.com,6005109870
5496815,Lena,Drissell,ldrissellcq@imgur.com,3712908061
1486841,Bari,Merkle,bmerklecr@mit.edu,5597614357
20832359,Hubert,Perrygo,hperrygocs@yelp.com,4691037837
21830398,Tabitha,Argo,targoct@tripadvisor.com,6035749336
23322632,Kameko,Ibberson,kibbersoncu@oaic.gov.au,3895705979
6895949,Corny,Zorer,czorercv@lycos.com,2323707561
48241705,Matias,Andryszczak,mandryszczakcw@samsung.com,7539253081
6165078,Noam,Dignan,ndignancx@unicef.org,5827741772
24740789,Jolynn,Laban,jlabancy@seesaa.net,6625691855
13076828,Mata,O'Farris,mofarriscz@unc.edu,8867222852
21837026,Pam,Avey,paveyd0@wikia.com,9001129185
31985621,Inna,Kobierra,ikobierrad1@gravatar.com,2679177780
22480417,Daisi,Gozard,dgozardd2@paypal.com,6091911968
10313701,Norrie,Isted,nistedd3@google.fr,1327360933
9104723,Michel,Raoult,mraoultd4@harvard.edu,2425381080
43758603,Ivan,Spinetti,ispinettid5@wordpress.com,8945365874
3239231,Bernelle,Bachmann,bbachmannd6@furl.net,8992068852
37053305,Kakalina,Diaper,kdiaperd7@webnode.com,2666364217
1876169,Maury,Gurry,mgurryd8@google.it,5764938442
1875989,Modesty,Rosedale,mrosedaled9@blinklist.com,4121789542
15841616,Isabeau,Cassel,icasselda@tinyurl.com,3182137687
19627013,Dario,Feathers,dfeathersdb@msu.edu,5406031031
20137063,Suzy,Bosenworth,sbosenworthdc@columbia.edu,9973378512
8077958,Giuditta,Conibeer,gconibeerdd@cam.ac.uk,8163730456
42955570,Brody,Atcock,batcockde@discuz.net,6023261275
30684859,Lee,Muckley,lmuckleydf@intel.com,7856945164
12386817,Elnora,Fannin,efannindg@hao123.com,6178793456
3686749,Bevon,Tuft,btuftdh@diigo.com,5256879772
43693560,Sibylle,Ganny,sgannydi@com.com,3124021821
8179761,Adorne,Ferrino,aferrinodj@bigcartel.com,9411835537
37053604,Beitris,Maffione,bmaffionedk@yelp.com,2369591738
45162214,Donetta,Wiltshaw,dwiltshawdl@photobucket.com,3842532765
30432958,Ban,Clemett,bclemettdm@etsy.com,5193008066
30577218,Romain,Ambrosch,rambroschdn@soundcloud.com,8426324150
3471617,Nikkie,Gabbot,ngabbotdo@tripadvisor.com,5618352724
8705523,Taryn,Ennion,tenniondp@nytimes.com,5344389475
8857839,Ellis,Robjant,erobjantdq@typepad.com,4483869030
37821393,Mattias,Danniell,mdannielldr@hostgator.com,3629057040
35000742,Johannes,Verden,jverdends@usgs.gov,5514113558
35744400,Jervis,Sarjent,jsarjentdt@boston.com,9236054015
40403470,Beatrice,Edlestone,bedlestonedu@yellowbook.com,2767319874
10915580,Dorthy,Barsam,dbarsamdv@china.com.cn,4365050480
31089211,Clem,Nevins,cnevinsdw@sogou.com,3386129605
5478756,Marillin,Leijs,mleijsdx@wikispaces.com,9226869172
46886610,Luciana,Rogan,lrogandy@google.fr,3147492833
44117693,Herculie,Danielski,hdanielskidz@wikia.com,7519057131
23233011,Deck,Sewell,dsewelle0@bluehost.com,8749808611
3204182,Gayel,Twiddell,gtwiddelle1@bandcamp.com,3775297673
14596785,Kerwin,Brougham,kbroughame2@unicef.org,4015812674
29097462,Flem,Beushaw,fbeushawe3@oakley.com,5751473878
2782068,Martainn,Snalum,msnalume4@jigsy.com,3153876342
39751589,Markus,Colquite,mcolquitee5@wikipedia.org,2144097594
734769,Orel,Hubatsch,ohubatsche6@hp.com,8376846554
45047192,Gustavo,Crate,gcratee7@tmall.com,5142741142
45530937,Joella,Willoway,jwillowaye8@ameblo.jp,5239702377
46450966,Arlin,Arran,aarrane9@paypal.com,1112843361
30387005,Kellsie,Abramino,kabraminoea@zimbio.com,6448261115
23255443,Amandi,Neeves,aneeveseb@so-net.ne.jp,7362852998
44306931,Reggie,Haliday,rhalidayec@pcworld.com,3814779670
37694964,Shani,Groucock,sgroucocked@blogs.com,8339214385
47245846,Arabella,Bailie,abailieee@slideshare.net,7902737721
1134218,Yankee,McIllrick,ymcillrickef@google.cn,9199935774
23446368,Deni,Poate,dpoateeg@cloudflare.com,3885588739
13167948,Nonnah,VanBrugh,nvanbrugheh@google.pl,4241841316
18091741,Carolee,Mothersole,cmothersoleei@goo.gl,9271493004
18400113,Kingston,Lyosik,klyosikej@newyorker.com,3823821603
16089660,Holly-anne,Gallimore,hgallimoreek@goo.gl,9191739821
9949811,Kellen,McArdell,kmcardellel@is.gd,3299097073
35060131,Lucian,Mansfield,lmansfieldem@prweb.com,8834998931
30725236,Eduino,Leynham,eleynhamen@google.ru,2121277819
17359098,Dusty,McKeveney,dmckeveneyeo@bravesites.com,6973651773
35482856,Janey,Gonoude,jgonoudeep@hostgator.com,2466074480
34539243,Wallas,Keeri,wkeerieq@dell.com,8159582136
46034663,Pippo,Vogele,pvogeleer@nymag.com,2162008227
30691518,Josiah,Boldra,jboldraes@google.pl,1023111052
42479776,Ryon,Headey,rheadeyet@webmd.com,8731451789
48990555,Tabor,Hallex,thallexeu@newyorker.com,9096673581
39568658,Wald,Oswal,woswalev@flickr.com,5966595168
26548642,Suzanne,Ginn,sginnew@symantec.com,6133414126
19297248,Armand,Chin,achinex@bizjournals.com,4611835239
44273588,Garvy,Kondratowicz,gkondratowiczey@123-reg.co.uk,6509893245
24193109,Jody,Rogge,jroggeez@google.co.uk,5054487288
20921599,Beverie,Haszard,bhaszardf0@wix.com,7132308900
20442185,Neel,Parchment,nparchmentf1@sitemeter.com,3576778453
46693075,Pooh,Aizikovich,paizikovichf2@blogspot.com,2596957131
39175772,Otto,Aizikovich,oaizikovichf3@storify.com,2219603798
7556018,Liam,Peschke,lpeschkef4@illinois.edu,7581246280
37284610,Langston,Hultberg,lhultbergf5@pinterest.com,3263453728
18858464,Ginevra,Etty,gettyf6@unc.edu,5857434847
22557846,Eilis,Dowding,edowdingf7@utexas.edu,5178303654
17330418,Virginia,Please,vpleasef8@hhs.gov,2948526662
3582043,Sheelagh,Arendsen,sarendsenf9@newyorker.com,7307876184
9091499,Ulrica,Marchiso,umarchisofa@goo.ne.jp,6651651886
32942875,Lindi,Castillon,lcastillonfb@redcross.org,5228038836
6639576,Corliss,Fattori,cfattorifc@jiathis.com,5629274504
46033337,Thain,Lowdyane,tlowdyanefd@cbsnews.com,1055837783
18088417,Martie,Ferrone,mferronefe@answers.com,7425409329
12496184,Gustaf,Okill,gokillff@microsoft.com,2706702383
18302945,Ilyssa,Klesel,ikleselfg@globo.com,5311890165
1674671,Maxy,Klamp,mklampfh@canalblog.com,8337657359
40622401,Gwyn,Eastbrook,geastbrookfi@usa.gov,6132627832
18066960,Dawna,Scoles,dscolesfj@forbes.com,8791047908
39989999,Sauncho,Roblin,sroblinfk@ow.ly,9752038725
27158072,Marylynne,Bridgett,mbridgettfl@springer.com,8205918936
19491361,Mamie,Pybus,mpybusfm@fc2.com,7835528581
19740833,Karie,Beevers,kbeeversfn@wp.com,4219891684
44339263,Daisey,Graham,dgrahamfo@chron.com,7358186501
4269424,Barbi,Gorling,bgorlingfp@techcrunch.com,5214809166
6410918,Abba,Simper,asimperfq@economist.com,7406242033
5985672,Rosalyn,Neligan,rneliganfr@smugmug.com,6275832899
21166343,Mommy,Spooner,mspoonerfs@yelp.com,9367287759
9585842,Muhammad,Pietraszek,mpietraszekft@house.gov,6886151129
12836998,Marleah,Bursnoll,mbursnollfu@rediff.com,8465008255
12727200,Antonia,Franca,afrancafv@booking.com,2622684459
28639216,Godfrey,Steynor,gsteynorfw@hugedomains.com,9803828839
18932653,Lynnett,de Pinna,ldepinnafx@booking.com,7193270969
13109326,Gilly,Noyes,gnoyesfy@indiegogo.com,2172501553
45441044,Rosaleen,Plant,rplantfz@goo.gl,8088545786
11126008,Ignatius,Bomfield,ibomfieldg0@yellowpages.com,9896325775
27499636,Orton,Bonnick,obonnickg1@cdbaby.com,1112118578
37052369,Galvan,Peeter,gpeeterg2@google.com.hk,8295934683
43257593,Grady,Twells,gtwellsg3@macromedia.com,9984394614
37602247,Charlotta,Perago,cperagog4@dropbox.com,8378568928
25084595,Victor,Petzolt,vpetzoltg5@multiply.com,3374439449
5140260,Renaldo,Tomenson,rtomensong6@apache.org,5392858144
45570461,Valenka,Kemp,vkempg7@g.co,5373614025
11787120,Sharon,Hamby,shambyg8@home.pl,3009538729
36995165,Shelby,Mingame,smingameg9@fc2.com,1924106016
1080851,Devland,Skipper,dskipperga@hubpages.com,5543099629
9201361,Brandea,Mendes,bmendesgb@huffingtonpost.com,6111974351
34700883,Vanda,Rodrig,vrodriggc@delicious.com,5105815107
9769016,Pennie,Law,plawgd@sina.com.cn,9774314452
24509507,Lorene,McBeth,lmcbethge@sciencedaily.com,4217190348
432280,Bree,Branthwaite,bbranthwaitegf@slate.com,9535699021
9001899,Fielding,Mathelon,fmathelongg@wunderground.com,5795578515
48642460,Phil,Ibbitson,pibbitsongh@mlb.com,2935441400
5771604,Ranice,Fishenden,rfishendengi@psu.edu,5403555421
7624742,Tracy,Marchington,tmarchingtongj@smugmug.com,5463516736
4238966,Ephrem,Gaylord,egaylordgk@studiopress.com,7283513823
46053509,Sheffie,Brunke,sbrunkegl@bing.com,7954217517
14180602,Sherrie,Roistone,sroistonegm@spiegel.de,5861795137
3095176,Eleanore,Lawfull,elawfullgn@nymag.com,4873343017
5356445,Piper,Taig,ptaiggo@ft.com,6529573041
4874711,Billy,Lockery,blockerygp@senate.gov,2593322209
20381806,Maurits,Keniwell,mkeniwellgq@house.gov,1696058463
19464740,Caria,Realy,crealygr@cafepress.com,4291096135
17651142,Sharlene,Otson,sotsongs@state.tx.us,3959349410
9515720,Louisa,Pickerin,lpickeringt@washingtonpost.com,3745848867
7593154,Alysa,Paxforde,apaxfordegu@miibeian.gov.cn,8753024407
29623798,Meier,Cullinan,mcullinangv@phoca.cz,7956907947
48255456,Daron,Pirot,dpirotgw@ning.com,3139551744
17389731,Stanley,Waddingham,swaddinghamgx@hatena.ne.jp,4682046277
30556789,Ursuline,Whittlesey,uwhittleseygy@comcast.net,9346066072
11883470,Sella,Swancott,sswancottgz@istockphoto.com,1705697112
11670870,Melly,Lindenboim,mlindenboimh0@aol.com,4502551916
2394872,Gene,Fere,gfereh1@jugem.jp,3263804035
7840180,Kaylyn,Martellini,kmartellinih2@engadget.com,8846453420
12068131,Tomaso,Cappell,tcappellh3@japanpost.jp,4347362118
809474,Munroe,Leads,mleadsh4@is.gd,7869743236
7592505,Artair,Hubbart,ahubbarth5@eepurl.com,9434953318
17720149,Rina,Mallinson,rmallinsonh6@tmall.com,2185722303
12689922,Cord,Collyer,ccollyerh7@163.com,9802545247
46628052,Bibbie,Bartak,bbartakh8@pagesperso-orange.fr,9591946826
29790849,Olly,Ashbey,oashbeyh9@engadget.com,8596578151
22554776,Haley,Sanpher,hsanpherha@geocities.com,3445279246
41368630,Calhoun,Symmers,csymmershb@qq.com,2562159157
6171958,Nathanil,Beedom,nbeedomhc@privacy.gov.au,5275873735
42221262,Stanford,Skittles,sskittleshd@home.pl,8438671425
21043117,Karin,Dubble,kdubblehe@odnoklassniki.ru,2618775946
10460697,Gus,Crosgrove,gcrosgrovehf@amazonaws.com,5008898391
43307628,Fallon,Rowlin,frowlinhg@noaa.gov,2758306139
38631609,Skipton,Rebbeck,srebbeckhh@canalblog.com,9689237581
8055667,Kerry,Dilke,kdilkehi@ucoz.ru,3497046801
39821222,Zuzana,Thirwell,zthirwellhj@blogspot.com,4211673028
28898379,Anatollo,Bauer,abauerhk@dropbox.com,5935178190
39973140,Clemente,Kimbrey,ckimbreyhl@blinklist.com,7528224140
43279928,Aubrie,Shuxsmith,ashuxsmithhm@macromedia.com,9759484244
44965495,Alex,Rawll,arawllhn@guardian.co.uk,7945174158
21607324,Clint,Bumby,cbumbyho@vk.com,6106126799
48743774,Otha,Fordy,ofordyhp@admin.ch,9026228923
27396060,Cassie,Koubu,ckoubuhq@unesco.org,2243552995
17378513,Kiri,Belsher,kbelsherhr@nyu.edu,3924726265
17863431,Lynn,McShirie,lmcshiriehs@opera.com,5847465614
1294277,Katherina,Girardeau,kgirardeauht@economist.com,5572764260
21127097,Magdalena,Goding,mgodinghu@surveymonkey.com,4123367140
25774126,Boyce,Gajownik,bgajownikhv@trellian.com,5057559485
2070215,Lonnard,Gerok,lgerokhw@weather.com,5344208828
42363390,Cord,Drews,cdrewshx@devhub.com,8713117131
39721868,Savina,Burd,sburdhy@weibo.com,8135179088
47251788,Ulrika,Layus,ulayushz@ehow.com,3627849583
19198843,Royce,Duxbarry,rduxbarryi0@yale.edu,7639844852
16091283,Maddie,Skip,mskipi1@parallels.com,3397898765
45383295,Timoteo,Tooze,ttoozei2@ebay.com,8344450891
20638877,Michaeline,Baigrie,mbaigriei3@lulu.com,1481416172
34357487,Cindy,Timson,ctimsoni4@ihg.com,5238666477
19012173,Melosa,Dohms,mdohmsi5@sun.com,3709828511
38153109,Nata,Parsonson,nparsonsoni6@epa.gov,3339393366
17585593,Cristie,Eslinger,ceslingeri7@cam.ac.uk,5242688147
12349817,Margarette,Cornau,mcornaui8@digg.com,5709848445
5595319,Amandi,Ivatt,aivatti9@tinypic.com,3616312707
21162542,Pauletta,MacAllester,pmacallesteria@youku.com,6931526332
29542641,Zebulen,Kittless,zkittlessib@nyu.edu,9194842772
19097552,Livia,Sturge,lsturgeic@w3.org,1324246663
43500178,Tamma,Pharo,tpharoid@gnu.org,1487200290
26151044,Kristin,Gillian,kgillianie@163.com,9986505653
38235998,Kristian,Tapley,ktapleyif@wiley.com,9867953559
32636594,Shay,Fayers,sfayersig@instagram.com,9007570516
12396105,Kingston,Ferier,kferierih@netvibes.com,5948265572
24388779,Barnabe,Janew,bjanewii@chronoengine.com,4732413204
28382245,Thorsten,Keirl,tkeirlij@hugedomains.com,6836169952
17247746,Jodi,Pinkstone,jpinkstoneik@canalblog.com,3702589259
34081302,Dirk,Joslyn,djoslynil@smh.com.au,4378752516
30195116,Babette,Fritchley,bfritchleyim@princeton.edu,8914516774
22147975,Betsey,Hazart,bhazartin@bloglines.com,7525451939
16071330,Lester,Breffit,lbreffitio@prlog.org,4917990202
3756099,Ty,Kincaid,tkincaidip@com.com,4504316344
22698534,Gertruda,Matijasevic,gmatijaseviciq@behance.net,1345133231
29611891,Ariana,Karmel,akarmelir@nydailynews.com,6897163562
46283172,Franny,Ishchenko,fishchenkois@canalblog.com,7368810005
23303921,Christina,Pepys,cpepysit@phoca.cz,4615188813
47300654,Iolande,Horry,ihorryiu@alibaba.com,4539826236
43859445,Agretha,Priscott,apriscottiv@rambler.ru,6266524002
42837892,Washington,Wiffler,wwiffleriw@omniture.com,5029615913
45099631,Vitoria,Hatherill,vhatherillix@quantcast.com,5446885165
25834229,Honoria,Whithalgh,hwhithalghiy@independent.co.uk,2145221943
34821499,Denny,Abrahamsson,dabrahamssoniz@ox.ac.uk,7116033944
20132431,Shell,Marley,smarleyj0@ted.com,4917864312
24085090,Willi,McOwan,wmcowanj1@columbia.edu,9848665628
39226938,Correy,Isherwood,cisherwoodj2@nytimes.com,4051206398
36520214,Nancie,Norwell,nnorwellj3@delicious.com,5603587652
40925908,Kennan,Lesper,klesperj4@reference.com,2027220744
20285063,Miguel,Sparshatt,msparshattj5@i2i.jp,3184996809
30577146,Corly,Waumsley,cwaumsleyj6@telegraph.co.uk,7152624093
36875802,Efrem,Hedley,ehedleyj7@marriott.com,9042520389
39893799,Zedekiah,Stoite,zstoitej8@archive.org,9762936252
35451281,Richart,Sine,rsinej9@wix.com,5291181638
42644782,Jonis,Dhillon,jdhillonja@4shared.com,6237540173
31260764,Gavin,Stebbings,gstebbingsjb@eventbrite.com,9979347832
31110055,Rabbi,Dumbare,rdumbarejc@latimes.com,4437264823
16205396,Izaak,Balsellie,ibalselliejd@booking.com,7836155357
42741261,Krissie,Rangall,krangallje@live.com,4479500755
29112025,Burg,Draaisma,bdraaismajf@tripod.com,4692568473
43894533,Dominick,Lount,dlountjg@adobe.com,6873768003
19662327,Philippine,Skeldon,pskeldonjh@yolasite.com,6045080613
12495637,Orland,Sotworth,osotworthji@hugedomains.com,4801764456
47770855,Dorothee,Guitt,dguittjj@opera.com,8457990966
42367317,Lawry,Heyns,lheynsjk@berkeley.edu,8652420529
21418751,Irma,Skewis,iskewisjl@google.de,6881178288
3524123,Armand,Fleote,afleotejm@hexun.com,1185702115
26732048,Yettie,Ruegg,yrueggjn@hc360.com,9336509472
43089454,Lorie,Odger,lodgerjo@jugem.jp,7567937822
25448574,Tito,Petrescu,tpetrescujp@reference.com,7921449554
16474409,Trace,Glowinski,tglowinskijq@google.ru,5804901887
46806198,Bil,Perez,bperezjr@twitpic.com,5446422354
11169163,Ardelle,Rignold,arignoldjs@microsoft.com,8051345749
48433946,Leta,Hills,lhillsjt@nbcnews.com,7456193992
6795488,Ravid,Sneesbie,rsneesbieju@rambler.ru,6996784737
11042787,Earlie,Jinks,ejinksjv@psu.edu,1564346456
35556522,Gusta,Stetlye,gstetlyejw@un.org,7309323733
149599,Dirk,Rue,druejx@wikispaces.com,8064634372
33560684,Giacinta,Buntine,gbuntinejy@apple.com,9307773469
17703591,Mirilla,Costello,mcostellojz@elpais.com,9821880995
38921068,Mordecai,Heyns,mheynsk0@redcross.org,9451049457
30925313,Palmer,Rothman,prothmank1@tinyurl.com,4426545304
44480481,Coretta,Shevill,cshevillk2@apache.org,3482273945
29996952,Arnoldo,Fawdery,afawderyk3@livejournal.com,8595938082
13552102,Gary,Bruford,gbrufordk4@geocities.jp,8072306002
16381578,Howie,Niesel,hnieselk5@webeden.co.uk,5808070904
4955587,Yurik,Everal,yeveralk6@forbes.com,1986868113
14649371,Anne-corinne,Trewman,atrewmank7@cnbc.com,1671661075
31616529,Dallon,Townsley,dtownsleyk8@cornell.edu,6674416116
47277791,Nico,Work,nworkk9@moonfruit.com,8704139179
39451885,Gwyneth,Winterson,gwintersonka@zdnet.com,7092203440
33060599,Wain,Billing,wbillingkb@github.com,7269561226
17724444,Filide,Fagge,ffaggekc@epa.gov,8971654125
17081582,Terrye,Brammall,tbrammallkd@blog.com,9612528392
29926180,Farlie,Huard,fhuardke@yale.edu,8697639747
29149917,Karola,Jachimczak,kjachimczakkf@blinklist.com,5367423839
31891091,Deina,Jonson,djonsonkg@squidoo.com,1583906885
17143026,Kristina,Ovendale,kovendalekh@netvibes.com,5632707412
25123185,Clarette,Sandels,csandelski@technorati.com,5039661987
27852186,Gregory,Niess,gniesskj@amazon.co.jp,6121775329
23890929,Artemas,Woolard,awoolardkk@arizona.edu,8361372125
44131805,Liz,Enefer,leneferkl@51.la,8812343531
29559484,Davie,Gilluley,dgilluleykm@hexun.com,1932063250
28180743,Emelita,Agar,eagarkn@a8.net,8474344936
40593365,Beverlie,Perrington,bperringtonko@google.cn,1263123401
10274883,Natty,Blackledge,nblackledgekp@alexa.com,3126115321
30626593,Vivienne,Birkin,vbirkinkq@jimdo.com,8767196237
442161,Aldwin,Swiffan,aswiffankr@uol.com.br,8384840954
40476059,Valeria,Minelli,vminelliks@admin.ch,3315379200
3250528,Florentia,Demann,fdemannkt@studiopress.com,5344506765
28848056,Trevar,Hillock,thillockku@dot.gov,4658558059
41111512,Elvira,Izhakov,eizhakovkv@behance.net,9766581866
9335954,Alyss,Battrum,abattrumkw@reverbnation.com,6626318889
16194992,Wenda,Waddingham,wwaddinghamkx@ed.gov,6751326932
2630662,Elissa,Frawley,efrawleyky@networksolutions.com,3453528320
915422,Hyman,Casarini,hcasarinikz@sogou.com,3517337237
27052763,Florencia,Duffie,fduffiel0@mtv.com,2008842310
38475726,Arda,Berthot,aberthotl1@netvibes.com,7542741451
38847738,Hamlin,Dulling,hdullingl2@last.fm,8065735423
26874478,Jasun,Yitzhok,jyitzhokl3@marriott.com,9524724196
30690687,Cesaro,Wind,cwindl4@indiatimes.com,2909730947
2420959,Alonzo,Jurkowski,ajurkowskil5@epa.gov,6176573784
44390522,Esma,Perrigo,eperrigol6@plala.or.jp,5101853036
46914242,Shell,Cartmill,scartmilll7@chron.com,7014725626
19433529,Buck,Cicetti,bcicettil8@lulu.com,9354653198
12744101,Hakim,Von Der Empten,hvonderemptenl9@github.com,5377646144
8892705,Edgar,Hacquard,ehacquardla@mashable.com,6055895885
5021422,Gannie,Skewes,gskeweslb@google.co.jp,6067637785
38242318,Kyrstin,Kumar,kkumarlc@wiley.com,5359586453
46586967,Ddene,Ruby,drubyld@unesco.org,1227311822
41499842,Teodora,Lammerich,tlammerichle@discuz.net,6569650882
33319001,Bettye,Okeshott,bokeshottlf@taobao.com,8536950936
12674361,Halsy,Barnett,hbarnettlg@ameblo.jp,2057647909
37143101,Tedra,Sawyers,tsawyerslh@etsy.com,1214503866
6399437,Ferrell,Parades,fparadesli@elegantthemes.com,5187842233
15092658,Virgilio,Rippingall,vrippingalllj@rediff.com,6424333385
10076735,Rollins,Corrigan,rcorriganlk@who.int,2617414182
30013401,Jodi,Dyball,jdyballll@a8.net,6932325447
29378842,Trefor,Lovekin,tlovekinlm@newyorker.com,1014567690
16253768,Juli,Scibsey,jscibseyln@about.com,8714652302
6365953,Carrissa,Defty,cdeftylo@bandcamp.com,2906786578
47425984,Bryant,Dyton,bdytonlp@archive.org,9704819570
28043486,Pooh,Ayshford,payshfordlq@scientificamerican.com,7322095435
19485363,Marsiella,Durran,mdurranlr@jigsy.com,3786640893
31468596,Janka,Champness,jchampnessls@marriott.com,2343981316
48105818,Myriam,Hyams,mhyamslt@hostgator.com,8647171368
16224476,Philippe,Klejna,pklejnalu@fc2.com,8495978772
45971765,Natty,Turri,nturrilv@example.com,1802306579
15516110,Meredith,Lampens,mlampenslw@newyorker.com,2188077063
186733,Sigismondo,Celand,scelandlx@webs.com,5614145521
32390371,Chrissy,Ludlam,cludlamly@wunderground.com,4769179170
28629552,Auberon,Cockett,acockettlz@mlb.com,8863910499
31900232,Demetris,Mungin,dmunginm0@stumbleupon.com,6029267236
29069378,Pattin,McCurtain,pmccurtainm1@ted.com,1009011362
7297579,Carlynn,MacKintosh,cmackintoshm2@linkedin.com,1231445847
43200345,Camile,Featenby,cfeatenbym3@adobe.com,8668945811
40948974,Saunders,Reis,sreism4@si.edu,4099576098
2870348,Jamesy,Scholig,jscholigm5@aol.com,6208849770
6738788,Val,Reede,vreedem6@jimdo.com,5536909946
37830588,Bryn,Henaughan,bhenaughanm7@reddit.com,2789288031
19613552,Melisa,Cheley,mcheleym8@usda.gov,5617763495
5062439,Lark,Slack,lslackm9@loc.gov,5843676726
25915606,Madelle,Etty,mettyma@wikia.com,7487362825
27110367,Tannie,Olivella,tolivellamb@google.com,7971027594
44842725,Kerri,Wilder,kwildermc@acquirethisname.com,8989025991
23863976,Kermit,Torre,ktorremd@xinhuanet.com,7587413008
29914948,Anitra,Saddler,asaddlerme@techcrunch.com,5021642525
42905467,Breanne,Benduhn,bbenduhnmf@liveinternet.ru,6407328231
14595881,Scarlett,Petrina,spetrinamg@ed.gov,3051464919
12004927,Teri,Stemson,tstemsonmh@sogou.com,6083269439
45745997,Benjamin,Doche,bdochemi@php.net,6891487835
14374406,Bertina,Desquesnes,bdesquesnesmj@symantec.com,7366460283
48444423,Jemimah,Finder,jfindermk@behance.net,6337570878
31860131,Fernande,Bergeon,fbergeonml@yolasite.com,8923602403
14899772,Lethia,Hars,lharsmm@barnesandnoble.com,3234146432
4335688,Amabel,Baynham,abaynhammn@slashdot.org,4063409619
15333668,Ailina,Colgan,acolganmo@mac.com,9066042103
458903,Morissa,Thewles,mthewlesmp@mapy.cz,4217018665
36579118,Bertina,Halsho,bhalshomq@independent.co.uk,1893629870
18513850,Weston,Skuce,wskucemr@nbcnews.com,3158593773
23075540,Job,Whitesel,jwhiteselms@hao123.com,1632692694
28790160,Tamarra,Trusdale,ttrusdalemt@bizjournals.com,5662389542
20676247,Ekaterina,Vlach,evlachmu@who.int,1877929809
18842586,Ibbie,Doche,idochemv@acquirethisname.com,7435296333
13792710,Sonya,Prettyjohn,sprettyjohnmw@facebook.com,4018767120
2953360,Graehme,Beagles,gbeaglesmx@illinois.edu,7579052977
11102772,Taber,Nazer,tnazermy@fotki.com,7628968132
32100129,Leese,Gammell,lgammellmz@jalbum.net,6646213325
20156137,Ryley,Hecks,rhecksn0@com.com,6788631633
33068955,Madalyn,Verbrugge,mverbruggen1@nationalgeographic.com,4514238594
30610457,Morgun,Plunket,mplunketn2@hugedomains.com,8637562427
44958558,Hedwiga,Bilyard,hbilyardn3@tripod.com,7943438063
48769122,Isidro,Gradon,igradonn4@bloomberg.com,6162095329
16156866,Benedick,Dumphrey,bdumphreyn5@aol.com,2265415126
10782721,Ailey,Scolli,ascollin6@seattletimes.com,9365136074
18375500,Aaren,Jerok,ajerokn7@mediafire.com,6823046840
14124576,Milty,Bartels-Ellis,mbartelsellisn8@newsvine.com,6239061721
38878015,Gaspar,Fewkes,gfewkesn9@usnews.com,6043484620
47159237,Olimpia,O'Griffin,oogriffinna@mysql.com,9003265064
10363852,Lonni,O'Heneghan,loheneghannb@ox.ac.uk,6835764760
45665816,Charmane,Huikerby,chuikerbync@fotki.com,6629919591
3959604,Catherine,Cheyney,ccheyneynd@gizmodo.com,6865722566
6278902,Perceval,Haglington,phaglingtonne@simplemachines.org,7078142725
46667231,Bell,Charleston,bcharlestonnf@guardian.co.uk,8997023341
239080,Vic,Exer,vexerng@canalblog.com,7071861306
39034265,Bill,Dugood,bdugoodnh@linkedin.com,6808589602
36130290,Rafferty,Younger,ryoungerni@sourceforge.net,5392432799
15227730,Kitti,Brunelli,kbrunellinj@weebly.com,4853691164
5548881,Elena,Walder,ewaldernk@meetup.com,8466642999
15574276,Berti,Astlatt,bastlattnl@vkontakte.ru,5085204817
29156234,Lane,Oakhill,loakhillnm@mit.edu,8905797741
12957665,Armin,Heppner,aheppnernn@uiuc.edu,9722677783
41782085,Binky,Nesbit,bnesbitno@comsenz.com,5415899357
26365173,Laurianne,Gatman,lgatmannp@usnews.com,2158056499
21825531,Harlen,McArdell,hmcardellnq@nih.gov,3847788036
2031658,Lucila,Kindred,lkindrednr@yolasite.com,3384567089
36801533,Nicky,Shakesby,nshakesbyns@nhs.uk,8363955820
34489047,Nanette,Kenaway,nkenawaynt@is.gd,4535083159
4015528,Mylo,Story,mstorynu@businessinsider.com,1328843547
24139562,Thornton,Samter,tsamternv@weather.com,4618638607
45280149,Phyllis,Tuff,ptuffnw@huffingtonpost.com,4117792519
46294892,Krishna,Ticehurst,kticehurstnx@flickr.com,4113780492
8482862,Hammad,McTerry,hmcterryny@shinystat.com,9605041374
677920,Dyann,Hansen,dhansennz@imageshack.us,7516314192
42696393,Elnar,Griffithe,egriffitheo0@unc.edu,6576337865
9642567,Genvieve,Parsall,gparsallo1@house.gov,9123767745
34519139,Rudd,Shwalbe,rshwalbeo2@nih.gov,2004001869
41066410,Peadar,Campion,pcampiono3@hatena.ne.jp,4789881201
42592061,Brigham,Hartshorn,bhartshorno4@eventbrite.com,1261625350
28671006,Aeriell,McComas,amccomaso5@networkadvertising.org,6225051557
25031749,Samaria,Arpe,sarpeo6@cornell.edu,4329290587
42210623,Claudina,Challenger,cchallengero7@desdev.cn,6928588216
46222959,Whitman,Lamswood,wlamswoodo8@theatlantic.com,9539621079
47694704,Emmalee,Geaves,egeaveso9@ycombinator.com,2112713839
47968937,Maxi,Mithun,mmithunoa@woothemes.com,7802265005
48530145,Lona,Fannin,lfanninob@adobe.com,1663257525
850178,Anatol,Hamnet,ahamnetoc@barnesandnoble.com,9923707633
32617003,Alasdair,Maryman,amarymanod@icq.com,4157293751
13393339,Conway,Cowely,ccowelyoe@timesonline.co.uk,3232116771
4607858,Blancha,Semered,bsemeredof@ucoz.com,5888571539
253409,Betteanne,Brixey,bbrixeyog@nba.com,8421595125
29073130,Kassey,Scurrer,kscurreroh@huffingtonpost.com,1825400784
27263072,Sollie,Goldring,sgoldringoi@pcworld.com,8846243998
14261163,Kimberly,Longson,klongsonoj@google.ru,9541267117
23866006,Dianemarie,Vardy,dvardyok@wp.com,8174054539
20614919,Donnamarie,Popham,dpophamol@yandex.ru,4608436055
35261778,Johnathan,Balloch,jballochom@icio.us,9448899079
39402038,Yankee,Andrivel,yandrivelon@amazon.de,4902573810
44314601,Cleveland,Bosdet,cbosdetoo@msu.edu,9709008680
45580076,Row,Rizzardi,rrizzardiop@miitbeian.gov.cn,8216010066
37735489,Eran,Cockett,ecockettoq@cloudflare.com,9828692043
37248136,Joshia,Joynes,jjoynesor@exblog.jp,7059531547
38960565,Inez,Oliver,ioliveros@china.com.cn,4558053064
27242867,Cristal,Clowney,cclowneyot@twitpic.com,8677292831
31527125,Delores,Lanning,dlanningou@eventbrite.com,8082393135
38525829,Aurore,Yakubov,ayakubovov@sourceforge.net,6049283298
29260235,See,Benois,sbenoisow@clickbank.net,4851912655
42538615,Lorettalorna,Sculpher,lsculpherox@twitter.com,6966245665
36840764,Aridatha,Emmitt,aemmittoy@php.net,1938161466
33180297,Gerry,Stenson,gstensonoz@fc2.com,2106685069
22707407,Lutero,Hains,lhainsp0@homestead.com,1421166468
18780060,Grete,Breagan,gbreaganp1@alexa.com,2286413450
36325253,Latrena,Sedgemond,lsedgemondp2@cafepress.com,7339396262
9731862,Ruperta,Mawtus,rmawtusp3@shutterfly.com,3388343683
48001960,Alard,Adamczyk,aadamczykp4@uiuc.edu,2588177057
22052781,Rochette,McDuff,rmcduffp5@hud.gov,9833389753
1143259,Berget,Scobie,bscobiep6@scientificamerican.com,6095664612
35162111,Darill,Milsom,dmilsomp7@1und1.de,1957869909
24781732,Dal,Scadden,dscaddenp8@slideshare.net,1587473968
45837018,Cissiee,Tutill,ctutillp9@icio.us,1494880105
10419815,Brnaby,Warrior,bwarriorpa@e-recht24.de,4952533295
25311911,Orren,Luparti,olupartipb@salon.com,8134885478
8387229,Melisande,Sive,msivepc@webs.com,6007160849
47123007,Deana,Briatt,dbriattpd@ocn.ne.jp,5981000596
5462041,Moria,Malenfant,mmalenfantpe@nytimes.com,6907206892
13191802,Imelda,Glazer,iglazerpf@eepurl.com,7685487613
20228698,Shaine,Schober,sschoberpg@gravatar.com,8187296517
37867170,Sharity,McElrath,smcelrathph@unc.edu,2507872962
18107052,Lavinia,Helix,lhelixpi@behance.net,7545197610
10833910,Lucia,Bonnick,lbonnickpj@jimdo.com,7395854250
11531877,Fernandina,Moralas,fmoralaspk@issuu.com,6438615464
45824363,Bud,Silbert,bsilbertpl@about.me,1118293088
45486295,Lynda,Myrkus,lmyrkuspm@newyorker.com,3502206228
30182491,Benjamen,Westbrook,bwestbrookpn@latimes.com,3973622112
11778304,Elise,Rubberts,erubbertspo@github.com,9658016435
2188537,Leese,Le Pine,llepinepp@delicious.com,5972516101
45306549,Linc,Giacovazzo,lgiacovazzopq@nsw.gov.au,8563545167
25185353,Noam,Willan,nwillanpr@walmart.com,6665754494
10887469,Dianemarie,Lejeune,dlejeuneps@apple.com,2649780809
26422352,Frieda,Crafter,fcrafterpt@canalblog.com,4217298178
27139147,Skipton,Skerritt,sskerrittpu@ihg.com,7412311902
39735542,Duffy,Tonnesen,dtonnesenpv@epa.gov,4535099363
16642454,Alana,Wardall,awardallpw@github.io,6215194414
16545187,Chevy,Pea,cpeapx@is.gd,2207478044
22318158,Dixie,Lidden,dliddenpy@squidoo.com,2288491310
43130685,Fitz,Easterfield,feasterfieldpz@msu.edu,6646776330
3849527,Dale,Linn,dlinnq0@nifty.com,3617043520
8620520,Linoel,Enocksson,lenockssonq1@nifty.com,7081553161
7618714,Camel,Haycraft,chaycraftq2@mashable.com,2465482364
1314080,Brett,Blasiak,bblasiakq3@over-blog.com,2545945588
25891957,Petr,Riddick,priddickq4@1und1.de,7247389865
35155548,Hussein,Guilloud,hguilloudq5@pinterest.com,8135416531
7634970,Verena,Klaes,vklaesq6@netvibes.com,8327458007
21866337,Greta,Rushworth,grushworthq7@furl.net,1351064972
24067947,Neysa,Gronow,ngronowq8@wired.com,8337426601
39698482,Dasha,Durrington,ddurringtonq9@wikia.com,4274923024
8402452,Rianon,Debnam,rdebnamqa@tinypic.com,6696036478
82671,Angelle,Cockcroft,acockcroftqb@abc.net.au,1269168100
48932334,Rycca,Sommerville,rsommervilleqc@upenn.edu,2548902575
40619572,Ebony,Simonin,esimoninqd@prlog.org,6141385468
4483962,Nickie,Yurevich,nyurevichqe@thetimes.co.uk,2053792824
11112471,Taffy,Ellicott,tellicottqf@merriam-webster.com,5544150425
24597446,Christye,Vardey,cvardeyqg@hp.com,1154485212
3715972,Raynor,Gogerty,rgogertyqh@geocities.jp,2378569956
24616066,Cristie,Pinwill,cpinwillqi@unblog.fr,7753047007
14359235,Casey,Wrey,cwreyqj@ca.gov,2773409111
21051756,Georgi,Cordeau,gcordeauqk@vk.com,1445793618
16922797,Davie,Kaman,dkamanql@diigo.com,7555176808
47773223,Felicity,Gosnay,fgosnayqm@symantec.com,2368210313
2911396,Ernest,Wogdon,ewogdonqn@slashdot.org,6658902375
25178185,Mira,Hrus,mhrusqo@ed.gov,1398195503
21667792,Giulia,Klimko,gklimkoqp@yolasite.com,6532264905
23724174,Stacy,Dohms,sdohmsqq@craigslist.org,9494889730
13583714,Link,Lundbeck,llundbeckqr@jigsy.com,2819484686
34111429,Lazare,Berndtssen,lberndtssenqs@imdb.com,4647266138
44388871,Robina,Woollcott,rwoollcottqt@foxnews.com,8226315931
14877233,Barby,McClaughlin,bmcclaughlinqu@va.gov,6603280567
26376795,Markus,Lidgard,mlidgardqv@npr.org,1579153971
7172001,Dieter,Frarey,dfrareyqw@wiley.com,6034200316
17226301,Wendie,Gartrell,wgartrellqx@geocities.com,1255444216
4864184,Alethea,Schimpke,aschimpkeqy@google.pl,8969029831
33876777,Corry,Cattow,ccattowqz@businessweek.com,8042301823
29507745,Tomkin,Bettles,tbettlesr0@hao123.com,3502218699
11425703,Gonzales,Roles,grolesr1@weibo.com,4026822907
21481403,Remy,Blagburn,rblagburnr2@usnews.com,1217556509
4745538,Odelle,Gyse,ogyser3@mtv.com,9932877449
40782381,Moria,Slader,msladerr4@rakuten.co.jp,8817409756
28766398,Layne,Dockray,ldockrayr5@samsung.com,8602034913
43788951,Clovis,Dearlove,cdearlover6@google.com.hk,7784558272
48460693,Ericka,Ride,erider7@comcast.net,1199204941
1153279,Odille,Leckenby,oleckenbyr8@scientificamerican.com,8128712788
805522,Marlo,Ben,mbenr9@timesonline.co.uk,6325306360
47901175,Mireielle,Huske,mhuskera@php.net,3645899340
22707599,Rosana,Belison,rbelisonrb@japanpost.jp,7895877189
37816001,Toni,Wyld,twyldrc@marketwatch.com,6078535712
7127457,Alie,MacMakin,amacmakinrd@businesswire.com,4052763630
21860138,Gawen,Shaves,gshavesre@java.com,7204130340
17162249,Laetitia,Roubay,lroubayrf@odnoklassniki.ru,2713822765
2545335,Buffy,Aimable,baimablerg@ovh.net,8116602946
18912734,Veradis,Risely,vriselyrh@ca.gov,5834491151
48382842,Debra,Ettritch,dettritchri@theguardian.com,6203411429
9088053,Zorana,Babington,zbabingtonrj@usa.gov,4561472505
16432888,Rahel,Breens,rbreensrk@cisco.com,1718208118
22908951,Allison,Ubach,aubachrl@pen.io,1446637117
6464434,Kaila,Harbertson,kharbertsonrm@indiegogo.com,4594784724
6542969,Cyril,Tramel,ctramelrn@cbslocal.com,1295409293
13276424,Dinny,Dowd,ddowdro@yahoo.co.jp,2811554736
29971821,Michel,Cawt,mcawtrp@indiatimes.com,8045258318
4068545,Melvyn,Marin,mmarinrq@fotki.com,8219448285
26429849,Florri,Urvoy,furvoyrr@qq.com,1976845817